GRU4U,2017-09-27 14:51,0,0,Lights been paid since yesterday no power restored yet called customer service asked for the manager email address @GRU4U,,@GRU4U,,9.13113960215384E+017,https://twitter.com/Maple352/status/913113960215384064
GRU4U,2017-09-27 14:21,0,0,@GRU4U I can't get through to a customer service rep. I've tried 3 times today and keep being told it's too busy.,,@GRU4U,,9.13106213314888E+017,https://twitter.com/Noolish/status/913106213314887680
GRU4U,2017-09-26 21:09,0,0,I give up! I don't understand your company. Electricity is 2 cool to complain about paying for no yard trash service.,,,,9.12846746476261E+017,https://twitter.com/kmel69/status/912846746476261376
GRU4U,2017-09-26 21:06,0,0,Why stop services we are paying for monthly and not getting to wait on FEMA? What are those employees doing?,,,,9.1284577781019E+017,https://twitter.com/kmel69/status/912845777810190337
GRU4U,2017-09-26 21:05,0,1,"I get yard trash pick has a lot, but your line of thinking isn't fair to the residents of Gainesville.",,,,9.12845528437805E+017,https://twitter.com/kmel69/status/912845528437805060
GRU4U,2017-09-26 21:03,0,0,GRU will charge customers for no service for approx. 2 months? We miss our bill 2 months and our service is cut?,,,,9.12845042146054E+017,https://twitter.com/kmel69/status/912845042146054145
GRU4U,2017-09-26 21:00,0,0,Rumor has it the city is waiting on FEMA and they're not scheduled to pick up till November.,,,,9.12844469648622E+017,https://twitter.com/kmel69/status/912844469648621570
GRU4U,2017-09-26 16:37,0,0,"@GRU4U ""your call is important to us"" is a huge joke. Clearly, it is not. Call me back.",,@GRU4U,,9.12778255786267E+017,https://twitter.com/annamariadvorak/status/912778255786266625
GRU4U,2017-09-26 16:37,0,0,"@GRU4U this is my third day calling you, being promised a call back within 60 minutes and never receiving a call. What gives?",,@GRU4U,,9.12778093458264E+017,https://twitter.com/annamariadvorak/status/912778093458264069
GRU4U,2017-09-26 16:26,0,0,I'll patiently wait on them to get the job done. Something they'd never do for me.,,,,9.12775520059838E+017,https://twitter.com/kmel69/status/912775520059838465
GRU4U,2017-09-26 16:26,0,0,No thanks! I know their answer already! It is my tough luck we had a hurricane and I better not be late on my bill.,,,,9.12775370805522E+017,https://twitter.com/kmel69/status/912775370805522432
GRU4U,2017-09-25 16:31,0,0,We'd be fined if we missed a payment.,,,,9.1241427729376E+017,https://twitter.com/kmel69/status/912414277293760521
GRU4U,2017-09-25 16:31,0,0,When will the city start picking it up? They aren't offering refunds for non service the past two weeks.,,,,9.12414163787542E+017,https://twitter.com/kmel69/status/912414163787542530
GRU4U,2017-09-25 15:57,0,0,@GRU4U Water/Wastewater Officer says you should take caution around affected urban creek waters and shorelines @WUFTNews pic.twitter.com/yeotgjtQtG,,@GRU4U @WUFTNews,,9.12405624473957E+017,https://twitter.com/AbbyMurphyTV/status/912405624473956352
GRU4U,2017-09-25 15:55,0,0,@GRU4U still monitoring 5 urban creeks impacted by sewage overflow due to Irma @WUFTNews pic.twitter.com/gc6KxhE4mm,,@GRU4U @WUFTNews,,9.12405213230899E+017,https://twitter.com/AbbyMurphyTV/status/912405213230899208
GRU4U,2017-09-25 12:33,0,0,What if it is too heavy to move?,,,,9.12354390564069E+017,https://twitter.com/DavidFeketeHun/status/912354390564069376
GRU4U,2017-09-24 22:37,0,0,No power for 1 week but yet my @GRU4U bill is almost $100 more this month. #ripoff,,@GRU4U,#ripoff,9.12143904031592E+017,https://twitter.com/crkatc/status/912143904031592448
GRU4U,2017-09-23 19:00,0,0,*Power goes out* Called @GRU4U and was told a broken pole was the cause. Expect no power for 5hrs. Great...,,@GRU4U,,9.11726944617685E+017,https://twitter.com/DiegoAsmanes/status/911726944617684992
GRU4U,2017-09-23 16:19,0,0,"@GRU4U So what the HELL, my mom's bill is usually under $400.00 this months bill is $491.50???",,@GRU4U,,9.11686428018475E+017,https://twitter.com/blb19570/status/911686428018475014
GRU4U,2017-09-23 14:46,0,1,"y'all are really on some other level of bullshit, huh @GRU4U",,@GRU4U,,9.11663017410072E+017,https://twitter.com/badperson69/status/911663017410072578
GRU4U,2017-09-22 21:03,1,0,Journey with @GRU4U on why they selected SAP Extended Enterprise Content Management by @OpenText . http:// spr.ly/601582TnV pic.twitter.com/guSLdCIIep,,@GRU4U @OpenText,,9.11395445297095E+017,https://twitter.com/SAPPartnerEdge/status/911395445297094656
GRU4U,2017-09-22 20:35,0,2,What’s your secret sauce to #STEM events? Great clients are ours! Thanks @NewsfromJEA @GRU4U http:// ow.ly/grfI30fmhqk pic.twitter.com/niYo1z8wQI,,@NewsfromJEA @GRU4U,#STEM,9.11388428209713E+017,https://twitter.com/ch2m/status/911388428209713152
GRU4U,2017-09-22 10:59,0,0,How do you indicate on the survey @http:// alachuarecovers.org if food was lost?,,@http,,9.11243616923857E+017,https://twitter.com/karlb6538/status/911243616923856896
GRU4U,2017-09-22 09:35,0,0,I'm not in a spot where I can make a phone call,,,,9.11222514470281E+017,https://twitter.com/s_moxy/status/911222514470281216
GRU4U,2017-09-22 09:31,0,2,Solutions for springs & estuaries #FWF17 @VoiceofFLBiz Drew Bartlett @FLDEPNews Rick Hutton @GRU4U Cliff Wilson Laura Donaldson & Rep Burton pic.twitter.com/CAVeAamTVn,,@VoiceofFLBiz @FLDEPNews @GRU4U,#FWF17,9.11221440158027E+017,https://twitter.com/ABShortelle/status/911221440158027781
GRU4U,2017-09-22 08:10,0,0,@GRU4U saw/heard sparking smoking cylinder on power pole at ne 9th st & ne 8th ave at 7:50 this am,,@GRU4U,,9.11200960181129E+017,https://twitter.com/s_moxy/status/911200960181129216
GRU4U,2017-09-19 21:34,1,0,Team building opportunity! @ImmersedGames @FrontStreetRE @UF @towerhillins @TrendyEnt @Publix @NFRMC @satchelspizza @GRU4U pic.twitter.com/nIR8BvwhxL,,@ImmersedGames @FrontStreetRE @UF @towerhillins @TrendyEnt @Publix @NFRMC @satchelspizza @GRU4U,,9.10316123740045E+017,https://twitter.com/CharityNerds/status/910316123740045317
GRU4U,2017-09-19 15:20,0,1,. @GRU4U has officially restored all power outages from the storm!,,@GRU4U,,9.10222066330296E+017,https://twitter.com/CWCGainesville/status/910222066330296322
GRU4U,2017-09-18 21:40,0,0,Did that before using social media. Looking for an update.,,,,9.09955230875505E+017,https://twitter.com/KaylaWildflower/status/909955230875504640
GRU4U,2017-09-18 21:35,0,0,Gainesville fam can we get a broadcast boost? @UF @GRU4U @GainesvilleSun @NatyyyIcee @ODanicaRockwood @UF_SAAC @SantaFeCollege @RMHCNCF pic.twitter.com/r8UlVukb6G,,@UF @GRU4U @GainesvilleSun @NatyyyIcee @ODanicaRockwood @UF_SAAC @SantaFeCollege @RMHCNCF,,9.09954187735306E+017,https://twitter.com/CharityNerds/status/909954187735306240
GRU4U,2017-09-18 16:34,1,4,OMU crews are proud to have assisted @GRU4U restore power following Hurricane Irma. https:// twitter.com/GRU4U/status/9 08785280857120768 …,,@GRU4U,,9.0987836704605E+017,https://twitter.com/OMUtilities/status/909878367046049792
GRU4U,2017-09-18 13:40,0,0,"@GRUStormCentral @GRU4U 1934 NE 3rd Ave. Tree down, wires down, electric out. What will happen? What should I do? I'm owner. Just found out. pic.twitter.com/qSduq9UU4U",,@GRUStormCentral @GRU4U,,9.0983447132672E+017,https://twitter.com/KaylaWildflower/status/909834471326720002
GRU4U,2017-09-18 13:16,0,0,No problem!,,,,9.09828400558346E+017,https://twitter.com/GRUStormCentral/status/909828400558346240
GRU4U,2017-09-18 13:14,0,2,Good deal! We've been very light on our H2O use since I saw y'all are inundated, but thank you kindly for the status update!,,,,9.09828030805283E+017
GRU4U,2017-09-18 08:54,0,0,"Anyone know if the ""boil water alert"" for @Gainesville #Florida has been lifted? @GRU4U @GRUStormCentral @GainesvilleSun @gainesville_now",,@Gainesville @GRU4U @GRUStormCentral @GainesvilleSun @gainesville_now,#Florida,9.09762526316986E+017,https://twitter.com/BionicBeauty/status/909762526316986368
GRU4U,2017-09-17 21:42,1,2,Thank you @COTNews ! First @GRU4U and on to @OEUinfo next! #FLPublicPower #ThankALineman https:// twitter.com/cotnews/status /909556663342059520 …,,@COTNews @GRU4U @OEUinfo,#FLPublicPower #ThankALineman,9.09593399300428E+017,https://twitter.com/flpublicpower/status/909593399300427776
GRU4U,2017-09-17 20:11,0,0,@GRU4U Do I talk to you about waste pickup? What are the rules on mattresses? Will you take them? Do I need to call? (Maybe add to website),,@GRU4U,,9.0957054537669E+017,https://twitter.com/vanhoosear/status/909570545376690176
GRU4U,2017-09-17 14:06,0,0,Are you still without power? Call @GRU4U at 352-334-2871 for an estimated restoration time!,,@GRU4U,,9.0947868382337E+017,https://twitter.com/CWCGainesville/status/909478683823370240
GRU4U,2017-09-16 22:53,0,0,I've been hearing this for the past 6 days I have not seen one truck on my street and I want to know what is going on,,,,9.09248891136209E+017,https://twitter.com/gatormarkp/status/909248891136208896
GRU4U,2017-09-16 22:52,0,0,Please visit our outage map for location updates. https://www. gru.com/StormCentral/P owerOutageMap.aspx … .,,,,9.09248757358891E+017,https://twitter.com/GRUStormCentral/status/909248757358891009
GRU4U,2017-09-16 22:52,0,0,Crews are still working around the clock to have everyone restored as quickly and safely as possible.,,,,9.09248638756549E+017,https://twitter.com/GRUStormCentral/status/909248638756548608
GRU4U,2017-09-16 22:49,0,0,@GRU4U @GRUStormCentral you are enjoying your air conditioning and I'm sweating my ass off.I want a response by tomorrow on what is going on,,@GRU4U @GRUStormCentral,,9.09247862227292E+017,https://twitter.com/gatormarkp/status/909247862227292161
GRU4U,2017-09-16 22:22,0,0,@GRU4U @GRUStormCentral I've dealt with piss poor customer service in my life but this takes the cake. Cant believe its been 6 days power,,@GRU4U @GRUStormCentral,,9.0924107507164E+017,https://twitter.com/gatormarkp/status/909241075071639552
GRU4U,2017-09-16 22:20,0,0,@GRU4U @GRUStormCentral not 1 truck has been down my street in 6 days. I DEMAND TO KNOW WHAT IS GOING ON!,,@GRU4U @GRUStormCentral,,9.09240511931744E+017,https://twitter.com/gatormarkp/status/909240511931744256
GRU4U,2017-09-16 22:19,0,0,"@GRU4U @GRUStormCentral what do I have to do to get a response from you guys? I've left at least 5 messages, tweets, nothing.",,@GRU4U @GRUStormCentral,,9.0924035874748E+017,https://twitter.com/gatormarkp/status/909240358747480065
GRU4U,2017-09-16 22:14,0,0,That's what happens when you tweet at the mayor lol,,,,9.09239071935025E+017,https://twitter.com/PoirierPlays/status/909239071935025153
GRU4U,2017-09-16 21:08,0,1,@GRU4U @GRUStormCentral One might call it.... electrifying.,,@GRU4U @GRUStormCentral,,9.09222614069019E+017,https://twitter.com/QTP12/status/909222614069018626
GRU4U,2017-09-16 20:51,0,0,Yeah I saw two on my street today neighbors across the street have power but were still out. #DeadLast,,,#DeadLast,9.0921821520051E+017,https://twitter.com/AaronTheLost/status/909218215200509952
GRU4U,2017-09-16 15:19,0,0,Shouldn't even be hitting us,,,,9.09134543998914E+017,https://twitter.com/Cam2725/status/909134543998914560
GRU4U,2017-09-16 15:00,0,1,meh lose power we lose power got generator for day to day,,,,9.09129994756117E+017,https://twitter.com/TheDemoStorm/status/909129994756116480
GRU4U,2017-09-16 14:53,0,1,I wouldn't be talking shit. Sounds like Jose is heading right for you.,,,,9.0912805462204E+017,https://twitter.com/Gangrell84/status/909128054622040064
GRU4U,2017-09-16 14:44,0,2,in other news GAINESVILLE IS NOW AMISH EVERYONE NO LONGER NEEDS POWER!,,,,9.09125831028552E+017,https://twitter.com/TheDemoStorm/status/909125831028551680
GRU4U,2017-09-16 14:31,0,1,Not all of us have power! 3 houses and 4 bus still don't have power in the Porters community!!,,,,9.09122467284873E+017,https://twitter.com/katerinagarciaa/status/909122467284873216
GRU4U,2017-09-16 14:28,0,0,"Seen tons of GRU trucks in the area now, Northwest Gainesville our pleas might have been heard! @GRUStormCentral @GRU4U",,@GRUStormCentral @GRU4U,,9.09121919030632E+017,https://twitter.com/Gangrell84/status/909121919030632449
GRU4U,2017-09-16 08:02,0,0,"@GRUStormCentral @GRU4U Another day without power, boy, do we all need showers... Please help us, dear GRU... #SaveOurStreet *SW 26th St.*",,@GRUStormCentral @GRU4U,#SaveOurStreet,9.09024749719867E+017,https://twitter.com/Faith4Thomas/status/909024749719867393
GRU4U,2017-09-16 06:15,0,0,Thanks for finally coming by and hooking up my neighbors. Now I can get an adjuster and start repairs.,,,,9.08997721142563E+017,https://twitter.com/PaulRichWagner/status/908997721142562816
GRU4U,2017-09-16 04:21,0,0,"Hi Thomas, crews are working around the clock in effort to restore power as quickly and safely as possible.",,,,9.08969016366072E+017,https://twitter.com/GRUStormCentral/status/908969016366071808
GRU4U,2017-09-16 04:08,0,0,"@GRUStormCentral @GRU4U 6 days of (no) blood, sweat, & tears, it feels like the power's been out for years. #PleaseSaveOurStreet *SW 26th St",,@GRUStormCentral @GRU4U,#PleaseSaveOurStreet,9.08965866397683E+017,https://twitter.com/Faith4Thomas/status/908965866397683712
GRU4U,2017-09-16 00:48,0,1,While shouts of angry customers go unheard in NW Gnv for the past 6 nights. GRU working around the clock in every area except NW.,,,,9.08915378155344E+017,https://twitter.com/Gangrell84/status/908915378155343872
GRU4U,2017-09-15 20:39,0,0,"But no work is being done in that region. And that's not a guess, we have driven around and looked. We need REAL info, we need it now! (2/2)",,,,9.08852904492245E+017,https://twitter.com/Gangrell84/status/908852904492244992
GRU4U,2017-09-15 20:38,0,0,You have to understand that the people in this area feel neglected and abandoned. NW GNV has more users than any other region. (1/2),,,,9.08852561339458E+017,https://twitter.com/Gangrell84/status/908852561339457541
GRU4U,2017-09-15 20:21,1,16,"Shouts of ""Thank you!"" ringing out in my neighborhood as @GRU4U crews work tirelessly restoring power in less than optimal weather. pic.twitter.com/RJk6qSu3Xt",,@GRU4U,,9.08848322802258E+017,https://twitter.com/Hal_Grieb/status/908848322802257920
GRU4U,2017-09-15 19:15,0,0,Truly sorry for your situation. I would rather your ire be directed at me and not the 1000s of city &GRU employees trying to get you back up,,,,9.08831640939647E+017,https://twitter.com/laurenbpoe/status/908831640939646977
GRU4U,2017-09-15 18:00,1,2,". @GRU4U ignoring residential NW Gainesville (1000's w/o power), yet works in mostly commercial areas with only a couple hundred outages.",,@GRU4U,,9.08812696312779E+017,https://twitter.com/adamovera/status/908812696312778753
GRU4U,2017-09-15 17:52,0,1,". @AlachuaCounty has a major disaster declaration & NW is still unpowered, yet @GatorsFB vs @Vol_Football game is still on - @GRU4U #Fraud",,@AlachuaCounty @GatorsFB @Vol_Football @GRU4U,#Fraud,9.08810683252462E+017,https://twitter.com/adamovera/status/908810683252461569
GRU4U,2017-09-15 17:30,0,0,STILL WAITING FOR DETAILS! No trucks or crews working! Guess we know how we will vote next time.,,,,9.08805246134182E+017,https://twitter.com/Gangrell84/status/908805246134181891
GRU4U,2017-09-15 17:29,0,0,No one is working to give power to this area. Area has more customers than any other area but GRU doesn't care. WHAT GREAT SERVICE,,,,9.08805021470532E+017,https://twitter.com/Gangrell84/status/908805021470531584
GRU4U,2017-09-15 17:27,0,0,@GRUStormCentral @GRU4U still no power. Day 5. You should be ashamed of yourselves. Leaving thousands in NW GNV without power and no crews!,,@GRUStormCentral @GRU4U,,9.08804503813656E+017,https://twitter.com/Gangrell84/status/908804503813656577
GRU4U,2017-09-15 17:20,1,0,. @RepTedYoho @GRU4U using emergency resources to prepare for @GatorsFB game vs @Vol_Football instead of restoring residential power #Irma,,@RepTedYoho @GRU4U @GatorsFB @Vol_Football,#Irma,9.08802695661867E+017,https://twitter.com/adamovera/status/908802695661867008
GRU4U,2017-09-15 17:04,0,0,@GRU4U 5:00pm Friday and still no power.,,@GRU4U,,9.08798602482471E+017,https://twitter.com/crkatc/status/908798602482470912
GRU4U,2017-09-15 17:03,0,0,"If you are the only one in your area without power, please report the outage again to 352-334-2871.",,,,9.08798405777907E+017,https://twitter.com/GRUStormCentral/status/908798405777907712
GRU4U,2017-09-15 17:02,0,0,"There are 3,000 customers still without power. GRU is working with other crews to restore Gainesville as quickly and safely as possible.",,,,9.08798316573364E+017,https://twitter.com/GRUStormCentral/status/908798316573364225
GRU4U,2017-09-15 14:48,0,0,@GRUStormCentral @GRU4U can you please come to NW 42nd Ave? The trees on the wires are getting worse. Please restore our power!!,,@GRUStormCentral @GRU4U,,9.08764485908877E+017,https://twitter.com/Jake64660713/status/908764485908877312
GRU4U,2017-09-15 14:46,0,0,"@GRUStormCentral @GRU4U I understand the progress, but that doesn't help the fact that some (me) don't have power. No crews have been here!",,@GRUStormCentral @GRU4U,,9.08764053656531E+017,https://twitter.com/Jake64660713/status/908764053656530945
GRU4U,2017-09-15 12:59,0,0,Would love to see trucks in NW Gnv working toward a fix. But still no trucks or crews. If we aren't forgotten then we are being #IGNORED,,,#IGNORED,9.08736936105447E+017,https://twitter.com/Gangrell84/status/908736936105447424
GRU4U,2017-09-15 12:50,0,1,"@GRUStormCentral @GRU4U Life without lights Really, really bites. Oh, please help us, dear GRU. *SW 26th St.* #pleaseandthankyousomuch",,@GRUStormCentral @GRU4U,#pleaseandthankyousomuch,9.08734880883896E+017,https://twitter.com/Faith4Thomas/status/908734880883896321
GRU4U,2017-09-15 10:40,0,0,Oh no! We are working diligently with crews from Tallahassee to continue our round the clock restoration efforts. Help will be there soon!,,,,9.08702109138326E+017,https://twitter.com/GRUStormCentral/status/908702109138325504
GRU4U,2017-09-15 10:21,0,3,"Y'all are awesome. Thanks for keeping us up and running, @GRU4U . https:// twitter.com/GRUStormCentra l/status/908693003040063494 …",,@GRU4U,,9.08697265258209E+017,https://twitter.com/DarleneMarshall/status/908697265258209281
GRU4U,2017-09-15 10:19,0,1,"@GRUStormCentral @gru4u 5 days without power, Now our milk has turned sour, Oh, please help us, dear GRU *SW 26th St.* #saveourmilk",,@GRUStormCentral @gru4u,#saveourmilk,9.08696883983524E+017,https://twitter.com/Faith4Thomas/status/908696883983523846
GRU4U,2017-09-15 08:53,0,1,"@GRUStormCentral @GRU4U Crews from all over working hard! This pregnant lady thanks you, Mr Eugene, at GRU & all. Everybody has been great pic.twitter.com/3pF9KdxjFz",,@GRUStormCentral @GRU4U,,9.08675064509411E+017,https://twitter.com/joanna_neville/status/908675064509411331
GRU4U,2017-09-15 08:38,0,0,You are not forgotten. We will try to get you some answers. Still working around the clock to restore.,,,,9.08671456481092E+017,https://twitter.com/laurenbpoe/status/908671456481091584
GRU4U,2017-09-15 08:36,0,0,Get a man that looks at you the way I just looked at that @GRU4U truck drive by #AFTIRMATH pic.twitter.com/cV24xLfk8v,,@GRU4U,#AFTIRMATH,9.0867078096744E+017,https://twitter.com/seanplemons/status/908670780967440384
GRU4U,2017-09-15 07:01,0,0,@GRU4U,,@GRU4U,,9.08647021485183E+017,https://twitter.com/ThatsAstroQ/status/908647021485182976
GRU4U,2017-09-15 06:49,0,0,"@GRU4U and no one has been by to even look at my place, where there are lines on the ground and a tree in a school crossing. Good job.",,@GRU4U,,9.08643809616994E+017,https://twitter.com/PaulRichWagner/status/908643809616994304
GRU4U,2017-09-15 05:07,0,1,And county commissioners are no help. No responses to repeated emails/phone calls. Help isnt coming. #Forgotten #unacceptable #powerless 2/2,,,#Forgotten #unacceptable #powerless,9.08618364062495E+017,https://twitter.com/Gangrell84/status/908618364062494722
GRU4U,2017-09-15 05:06,0,3,"Day 5, still no power. No crews or trucks in area. @GRU4U @GRUStormCentral have forgotten about NW GNV. Mayor @laurenbpoe and GNV city (1/2)",,@GRU4U @GRUStormCentral @laurenbpoe,,9.08618012374205E+017,https://twitter.com/Gangrell84/status/908618012374204416
GRU4U,2017-09-14 20:39,3,5,"Gainesville Regional Utilities ( @GRU4U ): 4,339 customers without power, down from over 40,000! https://www. peoplespunditdaily.com/news/live/2017 /09/13/live-blog-florida-power-restoration-efforts-post-irma/ … #IrmaRecovery #Irma",,@GRU4U,#IrmaRecovery #Irma,9.08490372334178E+017,https://twitter.com/Peoples_Pundit/status/908490372334178306
GRU4U,2017-09-14 20:28,1,3,"Our power is back! Thanks @GRU4U ! I know your work is not done, best wishes to all your dedicated staff.",,@GRU4U,,9.08487571000496E+017,https://twitter.com/Hal_Grieb/status/908487571000496128
GRU4U,2017-09-14 19:48,0,0,@GRU4U If we don't see our incident on the detailed map should we keep calling to report again?,,@GRU4U,,9.08477693380919E+017,https://twitter.com/inactivename/status/908477693380919298
GRU4U,2017-09-14 18:26,0,1,Got back to Gainesville today. My power had been off 4 days but is back on today. No damage. Thanks @GRU4U (don't hear that very often)!,,@GRU4U,,9.08456975150838E+017,https://twitter.com/alumnitim/status/908456975150837766
GRU4U,2017-09-14 17:18,0,0,No longer can play NBA 2K18 early because I have no power thanks @GRU4U feel like I wasted money pre ordering the game,,@GRU4U,,9.08439838290047E+017,https://twitter.com/ThatsAstroQ/status/908439838290046976
GRU4U,2017-09-14 17:16,0,0,I applaud you guys for this great job! Just wish I had power!,,,,9.08439278232928E+017,https://twitter.com/ThatsAstroQ/status/908439278232928256
GRU4U,2017-09-14 15:36,0,1,@GRUStormCentral @GRU4U thank you for finally restoring power @Bella Vista Village on 39th Ave.,,@GRUStormCentral @GRU4U @Bella,,9.08414098370638E+017,https://twitter.com/unprettyprinces/status/908414098370637825
GRU4U,2017-09-14 14:57,0,0,@GRU4U get your shit together! Send a crew to our area! This is far too long to not even have someone here to assess. Power for all',,@GRU4U,,9.08404289952997E+017,https://twitter.com/Jake64660713/status/908404289952997377
GRU4U,2017-09-14 14:34,1,5,Thank you Tallahassee! @AndrewGillum #irma #FloridaStrong #tallahassee #gainesville @GRU4U https:// twitter.com/aerialtlh/stat us/908295715109195778 …,,@AndrewGillum @GRU4U,#irma #FloridaStrong #tallahassee #gainesville,9.08398453906166E+017,https://twitter.com/aHaySan/status/908398453906165760
GRU4U,2017-09-14 13:53,0,0,"GRU working hard in every area other than NW GNV. They have no trucks or crews in that area, claim that area ""too difficult"" to restore.",,,,9.08388372510646E+017,https://twitter.com/Gangrell84/status/908388372510646275
GRU4U,2017-09-14 13:39,0,0,@GRUStormCentral @GRU4U y'all were at our property this morning and nothing got fixed. Do we know why??,,@GRUStormCentral @GRU4U,,9.08384816441196E+017,https://twitter.com/ZSheets/status/908384816441196545
GRU4U,2017-09-14 11:47,1,3,"We are back up to full power, folks! Tune in now to hear Dave Fox & the Kiss Cafe! Thank you, @GRU4U @GRUStormCentral !! #kiss1053 #gnvfl",,@GRU4U @GRUStormCentral,#kiss1053 #gnvfl,9.08356580038648E+017,https://twitter.com/KISS105_3/status/908356580038647809
GRU4U,2017-09-14 09:22,0,0,,,,,9.08320057486389E+017,https://twitter.com/aerialtlh/status/908320057486389248
GRU4U,2017-09-14 09:19,0,1,#MutualAid on the way from @COTNews to @GRU4U and then on to the rest of the state until we are #restored https:// twitter.com/aerialtlh/stat us/908295715109195778 …,,@COTNews @GRU4U,#MutualAid #restored,9.08319315769819E+017,https://twitter.com/flpublicpower/status/908319315769819137
GRU4U,2017-09-14 08:14,0,0,@GRU4U how do I report a branch on the power line in a random spot? pic.twitter.com/dCOpsUPSF4,,@GRU4U,,9.08302983536038E+017,https://twitter.com/snikrepmada/status/908302983536037889
GRU4U,2017-09-14 08:08,0,0,"@GRU4U @GRUStormCentral 2k customers in NW Gainesville w/o power. Area has the most w/o power for days now, no trucks in sight. #Forgotten",,@GRU4U @GRUStormCentral,#Forgotten,9.08301394754622E+017,https://twitter.com/Gangrell84/status/908301394754621440
GRU4U,2017-09-14 07:14,0,0,So happy to be open! Thank you @GRU4U,,@GRU4U,,9.08287715170558E+017,https://twitter.com/krispykreme/status/908287715170557952
GRU4U,2017-09-14 06:56,2,13,Pretty sure we all share in @krispykreme sentiment. Thank you @GRU4U pic.twitter.com/0l9BQ41DiX,,@krispykreme @GRU4U,,9.08283236933144E+017,https://twitter.com/Itisjess0/status/908283236933144576
GRU4U,2017-09-14 06:23,0,0,@GRU4U do you know why three of your trucks came on my street and no of them restored my power but we have surrounding places with power.,,@GRU4U,,9.08274959851639E+017,https://twitter.com/dabbinnc/status/908274959851638784
GRU4U,2017-09-14 05:33,0,0,@GRU4U get your act together! Stop prioritizing and get power to the poor!!,,@GRU4U,,9.08262295175918E+017,https://twitter.com/Jake64660713/status/908262295175917569
GRU4U,2017-09-14 02:19,0,0,@GRU4U 110 NW 39th Ave block is out due to a small branch touching 2 lines 3 days ago and nothing has been done. pic.twitter.com/JbAIOb3wDj,,@GRU4U,,9.08213707381117E+017,https://twitter.com/DavidFeketeHun/status/908213707381116928
GRU4U,2017-09-14 01:14,0,0,"Done, thank you.",,,,9.08197134662558E+017,https://twitter.com/memzoo48/status/908197134662557697
GRU4U,2017-09-14 01:11,0,1,@GRU4U THANK YOU for taking the numerous concerns of your customers and sending people to address it. Power finally restored- THANK YOU,,@GRU4U,,9.08196382607135E+017,https://twitter.com/allyvz/status/908196382607134720
GRU4U,2017-09-14 01:07,0,0,"It's been 48+ hours, please estimate restoration time. Resident oxygen-dependent, appears to be last on block with no power.",,,,9.08195529213039E+017,https://twitter.com/memzoo48/status/908195529213038592
GRU4U,2017-09-14 01:04,0,0,"There ""are"" no disconnections ....",,,,9.08194651496239E+017,https://twitter.com/memzoo48/status/908194651496239104
GRU4U,2017-09-13 23:22,0,0,"SableChase SD = 83 homes, one way in/out. Why do 63 have power or never lost it, and 20 have been powerless since 4am Monday?! Day 3.",,,,9.08169110156136E+017,https://twitter.com/FreemanUFphoto/status/908169110156136449
GRU4U,2017-09-13 23:04,0,1,@GRU4U please help power been off since sunday in oxford manor,,@GRU4U,,9.08164639992754E+017,https://twitter.com/Chester352/status/908164639992754176
GRU4U,2017-09-13 22:58,0,0,"@GRU4U please fix the call in service. Called in multiple times for outage, none registered until someone from IT made one",,@GRU4U,,9.08163098296668E+017,https://twitter.com/mattvonbruening/status/908163098296668161
GRU4U,2017-09-13 22:37,0,0,@GRUStormCentral @GRU4U Please check oxford manor power restoration. Half of apartment still doesn't have a power.,,@GRUStormCentral @GRU4U,,9.08157758708572E+017,https://twitter.com/JohnLee31684656/status/908157758708572160
GRU4U,2017-09-13 22:05,0,2,At worst they are saying 6-9 more days without power. Thanks @GRU4U @GRUStormCentral for keeping us in the dark and powerless. #forgotten,,@GRU4U @GRUStormCentral,#forgotten,9.08149697059189E+017,https://twitter.com/Gangrell84/status/908149697059188736
GRU4U,2017-09-13 22:04,0,2,Finally got through to @GRU4U @GRUStormCentral on phone. At best 2-3 more days without power in NW Gainesville! #FORGOTTEN,,@GRU4U @GRUStormCentral,#FORGOTTEN,9.08149492385554E+017,https://twitter.com/Gangrell84/status/908149492385554434
GRU4U,2017-09-13 21:31,0,0,@GRU4U relatives in Miami getting power back... the storm didn't even hit us nearly as hard.,,@GRU4U,,9.08141163080757E+017,https://twitter.com/ross_nobles/status/908141163080757249
GRU4U,2017-09-13 20:42,0,1,@GRUStormCentral @GRU4U u cant see where ur going There are 2 complexes sharing one roadway Not safe red is brake lights Please make it safe pic.twitter.com/d4oZhVboDX,,@GRUStormCentral @GRU4U,,9.08128817293742E+017,https://twitter.com/ZSheets/status/908128817293742080
GRU4U,2017-09-13 20:25,0,0,Only if you're paying for it. We already have to pay a ton of money we can't afford that on top of everything else.,,,,9.08124557554446E+017,https://twitter.com/ZSheets/status/908124557554446336
GRU4U,2017-09-13 20:24,0,0,@GRU4U @GRUStormCentral please just turn it back on. It's unsafe and unbearable any longer,,@GRU4U @GRUStormCentral,,9.08124228700049E+017,https://twitter.com/ZSheets/status/908124228700049409
GRU4U,2017-09-13 19:40,0,0,@GRU4U NW Gainesville could use some help pls...,,@GRU4U,,9.0811319129675E+017,https://twitter.com/ross_nobles/status/908113191296749568
GRU4U,2017-09-13 19:31,0,1,Jeeps lookin' fine though....,,,,9.08110982106567E+017,https://twitter.com/jmadey/status/908110982106566657
GRU4U,2017-09-13 19:28,0,1,"I know @GRU4U is working hard, but w/ @AlachuaSchools out & no electricity in Brywood, I sent the fam out of town. I'm staying with friends. pic.twitter.com/dLq8VlMRH9",,@GRU4U @AlachuaSchools,,9.08110218143437E+017,https://twitter.com/Hal_Grieb/status/908110218143436800
GRU4U,2017-09-13 19:22,0,0,@GRU4U @GRUStormCentral have literally zero trucks working in NW GNV. Haven't seen a truck all day and neither has anyone else.,,@GRU4U @GRUStormCentral,,9.08108630305755E+017,https://twitter.com/Gangrell84/status/908108630305755136
GRU4U,2017-09-13 19:13,0,0,7pm Wednesday, it's about dark thirty. No power at home since 4am Monday. I put two signs out on 39th Avenue for GRU >> to find our 20 homes,,,,9.08106508516434E+017
GRU4U,2017-09-13 19:13,0,0,"@GRU4U @GRUStormCentral have worked around the clock to restore power to more than 50,000 electric customers http://www. gainesville.com/news/20170913/ power-companies-hustle-to-get-lights-back-on …",,@GRU4U @GRUStormCentral,,9.08106495421768E+017,https://twitter.com/AACaplan/status/908106495421767680
GRU4U,2017-09-13 18:36,0,0,"No trucks, no power. @GRU4U get up in NW Gainesville. Please! #forgotten",,@GRU4U,#forgotten,9.08097075384132E+017,https://twitter.com/Jake64660713/status/908097075384131584
GRU4U,2017-09-13 18:34,0,0,Zero! I haven't seen a single crew on my road! Ridiculous! I'm done being nice to these clowns.,,,,9.08096638178165E+017,https://twitter.com/Jake64660713/status/908096638178164736
GRU4U,2017-09-13 18:33,0,1,"Apparently they fix who they feel like first. I've paid my bills on time for 15 years, but other get priority.",,,,9.08096278323753E+017,https://twitter.com/Jake64660713/status/908096278323752965
GRU4U,2017-09-13 18:30,0,2,"Agreed, me too! There are counties that got hit harder than us that have a higher percentage than GRU. Absurd. Get the ball rolling!",,,,9.08095615699169E+017,https://twitter.com/Jake64660713/status/908095615699169280
GRU4U,2017-09-13 18:27,0,0,"They say they haven't forgotten about us, but I haven't seen a single truck in 3 days either. NW Gainesville. @GRU4U",,@GRU4U,,9.08094793787564E+017,https://twitter.com/Jake64660713/status/908094793787564032
GRU4U,2017-09-13 18:26,0,1,@GRU4U @GRUStormCentral claim that crews are working around the clock. Yet there are ZERO trucks working in NW Gainesville #Forgotten,,@GRU4U @GRUStormCentral,#Forgotten,9.08094614309147E+017,https://twitter.com/Gangrell84/status/908094614309146630
GRU4U,2017-09-13 18:13,0,0,@GRU4U where is power in Gainesville this is ridiculous now but you going to want your payments on time.,,@GRU4U,,9.08091230319497E+017,https://twitter.com/luvlyladylele80/status/908091230319497217
GRU4U,2017-09-13 18:00,0,1,pic.twitter.com/cIus0x1nlo,,,,9.08088047014695E+017,https://twitter.com/ariseandawake/status/908088047014694912
GRU4U,2017-09-13 17:01,0,0,@GRU4U I've been watching ur outrage map for days & I'm curious: why does the number of affected customers go up over the course of the day?,,@GRU4U,,9.08073202789831E+017,https://twitter.com/travelerjess/status/908073202789830658
GRU4U,2017-09-13 16:46,0,0,"Watching the buildings across the driveway in my complex chill in their AC, while I'm stuck in one of 8/50 bldgs @GRU4U doesn't care about",,@GRU4U,,9.08069288887681E+017,https://twitter.com/hisrastabunny/status/908069288887681024
GRU4U,2017-09-13 16:44,0,1,Can't get 100% back to work because my business relies on internet.... which relies on @GRU4U,,@GRU4U,,9.08068858279416E+017,https://twitter.com/hisrastabunny/status/908068858279415808
GRU4U,2017-09-13 16:41,0,0,"@GRU4U this is getting absurd, I'm sorry. Everyone around us has power. We have no lines down! I need to work!",,@GRU4U,,9.08068031875699E+017,https://twitter.com/Jake64660713/status/908068031875698688
GRU4U,2017-09-13 16:27,0,0,@GRU4U lines down on most streets in the neighborhood. I get no power but kids playing everywhere! Can we at least get the lines picked up?,,@GRU4U,,9.08064544030954E+017,https://twitter.com/CR_Nolan/status/908064544030953473
GRU4U,2017-09-13 16:26,0,1,"What you've said is a given, but for people to plan for coming days better information ought to be available",,,,9.08064474288009E+017,https://twitter.com/mattvonbruening/status/908064474288009219
GRU4U,2017-09-13 16:26,0,0,So other than a vauge map that relies on croud sourced info there isn't anything else?,,,,9.08064324740108E+017,https://twitter.com/mattvonbruening/status/908064324740108288
GRU4U,2017-09-13 16:19,0,0,@GRU4U ... Adequate/efficient? IJS,,@GRU4U,,9.08062724302692E+017,https://twitter.com/PaulRichWagner/status/908062724302692352
GRU4U,2017-09-13 16:19,0,0,"Wow! @DavidsBBQ is serving 800 meals 3x a day to @GRU4U utility workers! Great work, guys.",,@DavidsBBQ @GRU4U,,9.08062675208458E+017,https://twitter.com/FinStrength/status/908062675208458241
GRU4U,2017-09-13 16:19,0,0,@GRU4U outage map confirms severity but obscures response time projections, GIS data: responses clustered in one sector. Adequate/efficie...,,@GRU4U,,9.08062513253593E+017
GRU4U,2017-09-13 16:01,0,0,"@GRU4U living 0.8 miles from the downtown plant, 3 days w/o power #Negligence",,@GRU4U,#Negligence,9.08058072697983E+017,https://twitter.com/mattvonbruening/status/908058072697982976
GRU4U,2017-09-13 16:00,0,0,@GRU4U Need to see if I need to make long term plans for power outage. Is there a contact for real answers? I can't plan around a live map.,,@GRU4U,,9.08057850739663E+017,https://twitter.com/EnlilandEnki/status/908057850739662849
GRU4U,2017-09-13 15:58,0,0,"@GRU4U quite curious, how many crews of how many people are actually out working? The staffing seems to be the main problem.",,@GRU4U,,9.08057397482148E+017,https://twitter.com/mattvonbruening/status/908057397482147841
GRU4U,2017-09-13 15:36,0,0,@GRU4U hasn't been down my block and I can't get a human on the phone. No eta for power restoration. Wtf ppl? 4116 sw 21st street 32608.,,@GRU4U,,9.0805182775262E+017,https://twitter.com/PaulRichWagner/status/908051827752620032
GRU4U,2017-09-13 15:34,0,1,"Oh I have been following it. Since you guys refuse to restore power to NW Gainesville, there isn't much else to do. #Forgotten",,,#Forgotten,9.08051368111374E+017,https://twitter.com/Gangrell84/status/908051368111374336
GRU4U,2017-09-13 15:32,0,1,"GRU's Interactive map isn't even working, https:// gru.maps.arcgis.com/apps/StoryMapB asic/index.html?appid=46fbdd18933e4bbe9d064929ce915043 …",,,,9.08050700789326E+017,https://twitter.com/Gangrell84/status/908050700789325824
GRU4U,2017-09-13 15:31,0,0,"@GRU4U curious as to a priority list. Its clear certain areas are getting priority over others, anything available other than the map?",,@GRU4U,,9.08050399466283E+017,https://twitter.com/mattvonbruening/status/908050399466283009
GRU4U,2017-09-13 15:29,0,1,"Current numbers estimate that almost 9000 are without power now. Still over 1/2 are in NW Gainesville. ""Working hard"" #Forgotten",,,#Forgotten,9.08050121195225E+017,https://twitter.com/Gangrell84/status/908050121195225090
GRU4U,2017-09-13 15:27,0,1,"More are w/o power now in NW Gainesville, 5994 based on current est by @GRU4U @GRUStormCentral . Not heading in right direction #forgotten",,@GRU4U @GRUStormCentral,#forgotten,9.08049597972582E+017,https://twitter.com/Gangrell84/status/908049597972582402
GRU4U,2017-09-13 15:01,0,1,"Rest assured we will, the only people really not prepped for this hurricane were/are GRU",,,,9.08042960020918E+017,https://twitter.com/mattvonbruening/status/908042960020918272
GRU4U,2017-09-13 14:49,0,0,Thanks. I messaged you on fb. I would really appreciate if we could get some info on specifics of power restoration for that complex,,,,9.0803997007779E+017,https://twitter.com/rsoruan/status/908039970077790208
GRU4U,2017-09-13 14:36,0,1,@GRU4U line worker towers 30ft in the air to restore a snapped pole and transformer that supplies power to 45-50 Gainesville residents. pic.twitter.com/uLtHSvw2sx,,@GRU4U,,9.08036653041758E+017,https://twitter.com/AACaplan/status/908036653041758208
GRU4U,2017-09-13 14:35,0,0,@GRU4U 60+ hours w/o power at 2777 SW Archer Rd. Half of @OxfordManorGNV apartment complex. Aren't highly populated properties a priority?,,@GRU4U @OxfordManorGNV,,9.0803644560826E+017,https://twitter.com/rsoruan/status/908036445608259602
GRU4U,2017-09-13 14:28,0,0,"A neighbor says homes w/o power now done to 200. As of 2:30pm Wednesday, my street is among those. Bad odds. Tell crew to look for signs! pic.twitter.com/RNRKNr5SNa",,,,9.08034620419138E+017,https://twitter.com/FreemanUFphoto/status/908034620419137537
GRU4U,2017-09-13 13:44,0,1,@GRU4U is in the neighborhood!! Praying for some power!!,,@GRU4U,,9.08023575558402E+017,https://twitter.com/crkatc/status/908023575558402049
GRU4U,2017-09-13 13:25,0,1,We both work fulltime & cannot leave. We couldnt even check on her during lunch. We need power. We r the only ones without in a 10mi radius,,,,9.08018746257822E+017,https://twitter.com/ZSheets/status/908018746257821698
GRU4U,2017-09-13 13:24,0,1,Did you know? RT @GRU4U https:// twitter.com/GRU4U/status/9 07695928387174401 …,,@GRU4U,,9.08018576203887E+017,https://twitter.com/alachualibrary/status/908018576203886593
GRU4U,2017-09-13 13:21,0,0,"Hi Zaina. If your pets need medical attention, please contact your local veterinarian. GRU is working hard to restore power.",,,,9.08017895573217E+017,https://twitter.com/GRUStormCentral/status/908017895573217281
GRU4U,2017-09-13 12:55,0,0,@GRU4U @GRUStormCentral Im really concerned for our animals. We've been home with them all weekend. Now we work all day and there's no power,,@GRU4U @GRUStormCentral,,9.08011146468262E+017,https://twitter.com/ZSheets/status/908011146468261888
GRU4U,2017-09-13 12:45,0,0,@GRU4U @GRUStormCentral so you're going to continue to not respond. We have animals that are going to die while we're at work all day today,,@GRU4U @GRUStormCentral,,9.08008660403675E+017,https://twitter.com/ZSheets/status/908008660403675136
GRU4U,2017-09-13 12:42,0,0,"Your crews are no where to be found in NW Gainesville. Either forgot about us, or don't care. 7k total without power, half are in NW GNV!",,,,9.08008074044232E+017,https://twitter.com/Gangrell84/status/908008074044231682
GRU4U,2017-09-13 12:18,0,0,@gru4u and @GRUStormCentral have forgotten about NW Gainesville. Crews arent working in my area. No power for over 3 days #Forgotten,,@gru4u @GRUStormCentral,#Forgotten,9.08001904608805E+017,https://twitter.com/Gangrell84/status/908001904608804864
GRU4U,2017-09-13 12:14,1,6,Over 90% of @GRU4U customers have power restored. Out-of-state crews are helping with work in Alachua and Marion counties.,,@GRU4U,,9.0800104726376E+017,https://twitter.com/WUFTNews/status/908001047263760384
GRU4U,2017-09-13 10:19,0,0,@GRU4U is there still garbage pickup today?,,@GRU4U,,9.07971973283811E+017,https://twitter.com/jakewinderman/status/907971973283811328
GRU4U,2017-09-13 09:44,0,0,Thanks for your response.,,,,9.07963309135037E+017,https://twitter.com/akshatriumphs/status/907963309135036416
GRU4U,2017-09-13 09:31,0,3,Hey @GRU4U -- my power is back up. Huge thanks to all your hardworking employees for their efforts. You get an A+ from this teacher!,,@GRU4U,,9.07960004803793E+017,https://twitter.com/shaunduke/status/907960004803792908
GRU4U,2017-09-13 08:48,0,0,So last night I literally watched 2 @GRU4U trucks pass by my complex and did nothing to get our power back on. Thanks @GRU4U for nothing.,,@GRU4U @GRU4U,,9.07949098501919E+017,https://twitter.com/jorden_burrell/status/907949098501918732
GRU4U,2017-09-13 08:30,1,1,Thanks new @starbucks on NW 43rd St for the charging plugs. Still waiting on @GRU4U to restore full power to Sable Chase subdivision. pic.twitter.com/X6bbz4lO0B,,@starbucks @GRU4U,,9.07944537837802E+017,https://twitter.com/FreemanUFphoto/status/907944537837801475
GRU4U,2017-09-13 07:59,0,0,@GRU4U question how is literally every business and evoother apartment complex have power on my side of town but us Bivens Forest?,,@GRU4U,,9.07936793332515E+017,https://twitter.com/jermaine_ford/status/907936793332514816
GRU4U,2017-09-13 06:37,0,0,@GRU4U my power has been out for 56 hours. I literally have animals dying over here! Any idea when you'll get to us at NW 12th Terrace?,,@GRU4U,,9.07916043632423E+017,https://twitter.com/Jake64660713/status/907916043632422913
GRU4U,2017-09-13 06:26,0,0,@GRU4U @GRUStormCentral we were told power would be restored yesterday. Completely unacceptable,,@GRU4U @GRUStormCentral,,9.07913437761733E+017,https://twitter.com/ZSheets/status/907913437761732609
GRU4U,2017-09-13 06:26,0,0,@GRU4U @GRUStormCentral guys this is unacceptable. We still don't have power.,,@GRU4U @GRUStormCentral,,9.07913327048831E+017,https://twitter.com/ZSheets/status/907913327048830976
GRU4U,2017-09-13 05:06,0,0,I did we are missing two of the three phases we need to open and cook doughnuts.,,,,9.07893199750005E+017,https://twitter.com/doughnutman2132/status/907893199750004736
GRU4U,2017-09-13 04:31,0,0,@GRU4U well I guess they forgot about the KRISPYKREME. Everybody around us has power but us.,,@GRU4U,,9.07884329359069E+017,https://twitter.com/doughnutman2132/status/907884329359069184
GRU4U,2017-09-12 22:49,0,2,WGOT wants to thank all the first responders @AlachuaSheriff @GainesvillePD and @GRU4U employees for how well they handled #IrmaHurricane,,@AlachuaSheriff @GainesvillePD @GRU4U,#IrmaHurricane,9.077982641536E+017,https://twitter.com/wgotlp/status/907798264153600010
GRU4U,2017-09-12 22:07,0,1,@GRU4U tired of being lied to. Your dispatch department is inadequate during mass outages.,,@GRU4U,,9.07787701721731E+017,https://twitter.com/KatieLong5725/status/907787701721731072
GRU4U,2017-09-12 21:56,0,0,"24 hours later, no change! I'm in the unfortunate 7-percent. Half of my neighbors have lights!",,,,9.07785038351278E+017,https://twitter.com/FreemanUFphoto/status/907785038351278080
GRU4U,2017-09-12 21:27,0,2,"I see your ignoring me. This is not a game! We were told a few hours, hours ago. At this rate we better not have to pay anything this month",,,,9.07777617251717E+017,https://twitter.com/ZSheets/status/907777617251717120
GRU4U,2017-09-12 21:23,0,0,@GRU4U @GRUStormCentral this some sick joke right why don't we have power everyone else has power please respond now,,@GRU4U @GRUStormCentral,,9.07776621272289E+017,https://twitter.com/ZSheets/status/907776621272289281
GRU4U,2017-09-12 20:50,0,0,@GRU4U https://www. pscp.tv/w/bIcmvTF6dkVO V0drUGtkUWV8MVlxeG9talF2YmxHdvHRP8HFp9c_0shAVBSxv48gZk4zQqs3NoFtBDyaWFsp …,,@GRU4U,,9.07768326490751E+017,https://twitter.com/jorden_burrell/status/907768326490750976
GRU4U,2017-09-12 20:15,0,0,"@GRU4U I live in 3515, SW 39th BLVD, Gainesville-32608. Is it safe to drink tap water now?",,@GRU4U,,9.07759729803452E+017,https://twitter.com/akshatriumphs/status/907759729803452422
GRU4U,2017-09-12 19:12,0,0,Dang ok I was just wondering why everyone around had power thank you guys for working hard hopefully it'll come soon,,,,9.07743717301395E+017,https://twitter.com/jermaine_ford/status/907743717301395457
GRU4U,2017-09-12 18:52,0,9,"We now have power! Thanks, @GRU4U . pic.twitter.com/rdpvsftYaW",,@GRU4U,,9.07738823198691E+017,https://twitter.com/brookeazzaro/status/907738823198691329
GRU4U,2017-09-12 18:38,0,0,@GRU4U https://www. pscp.tv/w/bIcHyTF6dkVO V0drUGtkUWV8MW1yeG1tdnJhQkR4eXkLgeoBgdpqrwErIu4bVVNajIz9tM6YUStU18uBlOWJ …,,@GRU4U,,9.07735088208769E+017,https://twitter.com/jorden_burrell/status/907735088208769026
GRU4U,2017-09-12 18:37,0,0,@GRU4U and to top it off the neighbors across the way have power but you can't take care of 6 bldg in my complex. #sad #gruarecrooks,,@GRU4U,#sad #gruarecrooks,9.07734878631932E+017,https://twitter.com/jorden_burrell/status/907734878631931904
GRU4U,2017-09-12 18:35,0,0,Wow @GRU4U looks like I said yo you supervisor. You guys leave the poorest residents for last. I'm located in one of the only two red zones. pic.twitter.com/qbvv6IQFH6,,@GRU4U,,9.07734470056444E+017,https://twitter.com/jorden_burrell/status/907734470056443904
GRU4U,2017-09-12 17:21,0,0,@GRU4U I know you guys are overwhelmed but every build next and around Bivens Forest is work but not us. Is there a buggier problem with us,,@GRU4U,,9.07715806548566E+017,https://twitter.com/jermaine_ford/status/907715806548566016
GRU4U,2017-09-12 16:19,0,0,So @gru4u is working around to clock to get power back up. They've fixed most outages. Around 12k still without in the area.,,@gru4u,,9.07700261082354E+017,https://twitter.com/shaunduke/status/907700261082353667
GRU4U,2017-09-12 14:25,0,0,Perhaps this should read 9/11 to 9/15?,,,,9.07671620440994E+017,https://twitter.com/May201856/status/907671620440993792
GRU4U,2017-09-12 14:00,0,0,So you are closed today? That's all I need to know.,,,,9.07665291605418E+017,https://twitter.com/bferg84/status/907665291605417984
GRU4U,2017-09-12 13:40,0,0,Can I request a call?,,,,9.07660110096368E+017,https://twitter.com/bferg84/status/907660110096367617
GRU4U,2017-09-12 13:18,0,1,"@GRU4U came home from work to the most beautiful sight... Thank you for your hard work!! #blessed (yep I used it, said I never would) pic.twitter.com/oJ5RuqNpnP",,@GRU4U,#blessed,9.0765460402391E+017,https://twitter.com/lilcrys319/status/907654604023910401
GRU4U,2017-09-12 13:12,0,0,@GRU4U when can we expect your critique on why your infrastructure is so poorly maintained? 40k lose power from a fairly weak storm?,,@GRU4U,,9.0765326263516E+017,https://twitter.com/tgiampa713/status/907653262635159552
GRU4U,2017-09-12 13:08,0,1,The 1960 City of Gainesville Utility Crew. @GRU4U pic.twitter.com/TDmvjW8GcG,,@GRU4U,,9.0765208192598E+017,https://twitter.com/travelerjess/status/907652081925980165
GRU4U,2017-09-12 12:53,0,0,I hope one of these ambulance chasers sues their balls off,,,,9.07648329684799E+017,https://twitter.com/hintofsub/status/907648329684799488
GRU4U,2017-09-12 12:51,0,3,"Communication is key! Even if outlook is grim, customers shouldn't be left in the dark. Pun intended!",,,,9.07647941472551E+017,https://twitter.com/Followjimrun/status/907647941472550919
GRU4U,2017-09-12 12:48,0,0,Also @insideFPL is doing a great job communicating as well,,@insideFPL,,9.07647022655734E+017,https://twitter.com/hintofsub/status/907647022655733760
GRU4U,2017-09-12 12:46,0,3,Why can't @DukeEnergy have this kind of communication?? Nice work @GRU4U,,@DukeEnergy @GRU4U,,9.07646543955722E+017,https://twitter.com/Followjimrun/status/907646543955722241
GRU4U,2017-09-12 11:51,0,0,"Yes. I followed through the phonetree, then the second time I called and just hit ""0"" until I got the voicemail. Maybe it wasn't updated?",,,,9.07632889034047E+017,https://twitter.com/bferg84/status/907632889034047488
GRU4U,2017-09-12 11:29,0,0,"@GRU4U I've been trying to contact you regarding my account for 2 weeks now, but your voicemail says you are closed today. Plz halp!",,@GRU4U,,9.0762721819673E+017,https://twitter.com/bferg84/status/907627218196729857
GRU4U,2017-09-12 11:04,0,9,Power is back and we are open for lunch today. Thanks @GRU4U the lights will shine bright tonight!,,@GRU4U,,9.07621063307211E+017,https://twitter.com/SwampRestaurant/status/907621063307210752
GRU4U,2017-09-12 10:19,0,2,@GRU4U thanks for all your hard work!,,@GRU4U,,9.07609576157184E+017,https://twitter.com/aldvitt/status/907609576157184001
GRU4U,2017-09-12 10:04,0,2,Thank you @GRUStormCentral and @GRU4U you guys are awesome!!!!,,@GRUStormCentral @GRU4U,,9.07605955604619E+017,https://twitter.com/mquire/status/907605955604619264
GRU4U,2017-09-12 09:45,0,0,@GRU4U does anyone know if Tanglewood apartments has power,,@GRU4U,,9.07601060059123E+017,https://twitter.com/StevenSwany23/status/907601060059123713
GRU4U,2017-09-12 09:06,6,5,Here's what @GRU4U & @GainesvillePD & FD have to deal w/ after #HurricaneIrma . AND they ARE dealing with it. Lots of damage for Gators. pic.twitter.com/or0hRlqpQI,,@GRU4U @GainesvillePD,#HurricaneIrma,9.07591186218701E+017,https://twitter.com/Peoples_Pundit/status/907591186218700801
GRU4U,2017-09-12 09:03,0,2,THANK YOU @GRUStormCentral @GRU4U and @GainesvillePD ! Waking up to power was just a pleasant surprise. You guys are the best.,,@GRUStormCentral @GRU4U @GainesvillePD,,9.07590429973127E+017,https://twitter.com/samisadancer/status/907590429973127169
GRU4U,2017-09-12 08:32,0,2,"@GRU4U my power just went out after being on for about 12 hours, when will it come back on?",,@GRU4U,,9.07582604840448E+017,https://twitter.com/loganchaase/status/907582604840448000
GRU4U,2017-09-12 07:57,0,1,@GRUStormCentral @GRU4U can yall tweet out which zone you're working on as you do it? Would be helpful!,,@GRUStormCentral @GRU4U,,9.07574002301981E+017,https://twitter.com/IVlatthew/status/907574002301980673
GRU4U,2017-09-12 00:44,0,1,Thank you! Any estimate on when power will be restored for the down power line between 24th & 25th St? Neighbors have power but we're dark!,,,,9.07464906966028E+017,https://twitter.com/carolinedunkle/status/907464906966028289
GRU4U,2017-09-12 00:27,0,0,"Unfortunately, this is hour 24 without power for our house. Hope this gets resolved quickly!",,,,9.07460741296476E+017,https://twitter.com/brookeazzaro/status/907460741296476160
GRU4U,2017-09-11 23:47,0,1,". @GRU4U never send another guy near my house again with a ""Make America Great Again"" hat on. We don't need stupid working on our lines.",,@GRU4U,,9.07450603659514E+017,https://twitter.com/ashaquestion/status/907450603659513857
GRU4U,2017-09-11 23:18,0,0,@GRU4U also how do I make sure you got my call? I only got a voicemail!,,@GRU4U,,9.07443254370751E+017,https://twitter.com/mollzzx0/status/907443254370750464
GRU4U,2017-09-11 23:16,0,0,@GRU4U are there crews in southwest Gainesville? Off of SW Williston????,,@GRU4U,,9.07442799511064E+017,https://twitter.com/mollzzx0/status/907442799511064577
GRU4U,2017-09-11 22:29,0,0,General area?,,,,9.0743088263775E+017,https://twitter.com/whatmeansgoad/status/907430882637750274
GRU4U,2017-09-11 22:26,0,0,What area ?,,,,9.07430090858004E+017,https://twitter.com/whatmeansgoad/status/907430090858004480
GRU4U,2017-09-11 22:08,0,1,Thank you @gru4u we're back online!,,@gru4u,,9.0742564001359E+017,https://twitter.com/JuliaMorrisroe/status/907425640013590528
GRU4U,2017-09-11 22:01,0,1,Help me @GRU4U You're our only hope...(front part of Millhopper (Grand Central) Station - still no power) pic.twitter.com/80Hxqt1Fy8,,@GRU4U,,9.07423850350203E+017,https://twitter.com/MissShandi/status/907423850350202881
GRU4U,2017-09-11 22:00,0,4,I love you @GRU4U,,@GRU4U,,9.07423652253241E+017,https://twitter.com/albertsonm4/status/907423652253241344
GRU4U,2017-09-11 21:41,0,3,"Hey @GRU4U , half of Sable Chase SubDivision off NW 39th Ave has power. Half doesn't. Help! My house at 9:30 pm. Dark. 35th Street. pic.twitter.com/AQUs8J1BRQ",,@GRU4U,,9.07418771287048E+017,https://twitter.com/FreemanUFphoto/status/907418771287048194
GRU4U,2017-09-11 21:36,0,0,@GRU4U I will buy a pizza for the first GRU crew to restore power to brookwood terrace! But really it's just dark and im so bored,,@GRU4U,,9.07417567626756E+017,https://twitter.com/Azactastrophe/status/907417567626756096
GRU4U,2017-09-11 21:25,0,2,"Hey, don't forget to say thanks to all the amazing people working to get power back on in Florida. They deserve a round of applause. @GRU4U",,@GRU4U,,9.07414912342872E+017,https://twitter.com/shaunduke/status/907414912342872066
GRU4U,2017-09-11 21:10,0,0,Will crews be working through the night? We appreciate the hard work!,,,,9.07410992379974E+017,https://twitter.com/nerik_licea/status/907410992379973632
GRU4U,2017-09-11 21:07,0,4,A huge kudos to @GainesvillePD @GainesvilleGov @GRU4U & all of the 1st responders who have worked their tails off in recovering from #Irma,,@GainesvillePD @GainesvilleGov @GRU4U,#Irma,9.07410190693171E+017,https://twitter.com/SteveChrz/status/907410190693171200
GRU4U,2017-09-11 20:50,0,0,Where are you at?,,,,9.0740612623652E+017,https://twitter.com/Baldeavle/status/907406126236520449
GRU4U,2017-09-11 20:17,1,3,Power's back! Thank you @GRU4U for working so hard to get Gainesville back in order! You're awesome! #gainesvilleFL #AfterIrma,,@GRU4U,#gainesvilleFL #AfterIrma,9.07397765826798E+017,https://twitter.com/lilmisskris05/status/907397765826797569
GRU4U,2017-09-11 20:07,0,0,"@GRU4U Our neighbors have electricity at Santa Fe Trace just 50 feet away, But we dont :/",,@GRU4U,,9.07395142822265E+017,https://twitter.com/AntonBaroth/status/907395142822264834
GRU4U,2017-09-11 19:57,0,5,"TY @GRUStormCentral @GRU4U #IrmaHeroes for rapid restore of power to N FL Retirement Village residents, staff, & Miami evacuees",,@GRUStormCentral @GRU4U,#IrmaHeroes,9.0739263428039E+017,https://twitter.com/ABShortelle/status/907392634280390657
GRU4U,2017-09-11 19:52,0,0,Definitely appreciate it! Please get NW 34th and 39th running soon any chance for an estimate on that area?,,,,9.07391499075248E+017,https://twitter.com/TheCrewmanX/status/907391499075248128
GRU4U,2017-09-11 19:18,0,2,"Crews from @GRU4U out working hard in Gainesville with #Irma cleanup. Power's already back up and running in my neighborhood, you guys rock!",,@GRU4U,#Irma,9.07382867977744E+017,https://twitter.com/iZarzecki/status/907382867977744384
GRU4U,2017-09-11 19:17,0,7,"We have power!!! Thank you, @GRU4U ! pic.twitter.com/evtgk7hDlf",,@GRU4U,,9.07382737631416E+017,https://twitter.com/lngriffin25/status/907382737631416321
GRU4U,2017-09-11 19:17,0,1,Thank you @GRU4U,,@GRU4U,,9.0738271175671E+017,https://twitter.com/mbystoma/status/907382711756709891
GRU4U,2017-09-11 19:14,0,5,"Still no power, looks like we are close for the night. Any update on midtown @GRU4U ?",,@GRU4U,,9.07381778599563E+017,https://twitter.com/SwampRestaurant/status/907381778599563266
GRU4U,2017-09-11 18:48,0,0,Yes,,,,9.07375286471332E+017,https://twitter.com/fireken33/status/907375286471331840
GRU4U,2017-09-11 18:44,0,2,@GRU4U My power is already back on! Thanks!!!,,@GRU4U,,9.07374193779642E+017,https://twitter.com/lawg8r/status/907374193779642369
GRU4U,2017-09-11 18:39,0,1,@GRU4U thank you for getting the power back on! Bless you guys for working so hard and so diligently.,,@GRU4U,,9.07373184168669E+017,https://twitter.com/iaconvapordaddy/status/907373184168669184
GRU4U,2017-09-11 18:35,0,0,@GRU4U hunter runs aparment came back on then went right back off,,@GRU4U,,9.07372161266065E+017,https://twitter.com/fireken33/status/907372161266065408
GRU4U,2017-09-11 18:33,0,4,Power came back at our place in NW Gainesville! Thank you @GRU4U @GRUStormCentral for all your hard work!,,@GRU4U @GRUStormCentral,,9.07371547463176E+017,https://twitter.com/whatsurdilEMMA/status/907371547463176192
GRU4U,2017-09-11 18:23,0,0,@GRU4U any idea when Abbey Glenn subdivision just North of Queen of Peace school on SW 24th Ave will get power back?,,@GRU4U,,9.07368996051325E+017,https://twitter.com/joshuaswilliams/status/907368996051324928
GRU4U,2017-09-11 18:22,0,0,Any news for restoring electrical power at 13th and 21st NW? @GRU4U ....and thank you for your great effort and extra work in these moments,,@GRU4U,,9.07368686356398E+017,https://twitter.com/ogandorivas/status/907368686356398086
GRU4U,2017-09-11 17:52,0,5,Thank you @GRU4U for working hard to get power restored. Our neighborhood is back on and other friends are reporting they have power too.,,@GRU4U,,9.0736111376291E+017,https://twitter.com/NEWSGAL100/status/907361113762910208
GRU4U,2017-09-11 17:41,0,2,"Thank for all your hard work. The power just came back on. Again, thank you so much.",,,,9.07358508928176E+017,https://twitter.com/MarreroFont/status/907358508928176131
GRU4U,2017-09-11 17:38,0,0,@GRU4U 98th street being worked on??? Every other street has power I'm hearing :(,,@GRU4U,,9.07357817316758E+017,https://twitter.com/VanarisIV/status/907357817316757504
GRU4U,2017-09-11 17:33,0,0,When is power coming back to Old Archer Rd? @GRU4U,,@GRU4U,,9.07356447897506E+017,https://twitter.com/kavila95/status/907356447897505792
GRU4U,2017-09-11 17:29,0,1,Omg shoutout to @GRU4U for getting my power back!! God bless,,@GRU4U,,9.07355429256225E+017,https://twitter.com/_marmaa/status/907355429256224769
GRU4U,2017-09-11 17:26,0,8,Still no power. But received email confirmation that my @GRU4U payment was made today. At least that's still working. #hurricaneirma,,@GRU4U,#hurricaneirma,9.07354575144931E+017,https://twitter.com/stamey/status/907354575144931328
GRU4U,2017-09-11 17:21,0,0,Any estimate on how many days we will be without electrical power? Just wondering so I can plan accordingly.,,,,9.07353544012988E+017,https://twitter.com/MarreroFont/status/907353544012988417
GRU4U,2017-09-11 16:51,0,0,Will we be notified when it's safe to flush?,,,,9.07345893262848E+017,https://twitter.com/IsanthaTeri/status/907345893262848002
GRU4U,2017-09-11 16:15,0,2,Thanks kids was running around the house happy and clapping their hands!!! You guys work hard to restore keep all yall in PRAYER blessings,,,,9.07336910951076E+017,https://twitter.com/Maple352/status/907336910951075844
GRU4U,2017-09-11 16:11,1,5,@GRU4U crews are working to restore lights and remove a tree blocking SW 20th ave. in #Gainesville #HurricaneIrma @WUFTNews @UFWeather pic.twitter.com/PvzgSfvABD,,@GRU4U @WUFTNews @UFWeather,#Gainesville #HurricaneIrma,9.07335725661683E+017,https://twitter.com/TheShaMor/status/907335725661683713
GRU4U,2017-09-11 16:09,0,3,Thanks @GRU4U @GRUStormCentral for restoring power to Highland court manner yall #Staysafe thanks again,,@GRU4U @GRUStormCentral,#Staysafe,9.07335269988405E+017,https://twitter.com/Maple352/status/907335269988405255
GRU4U,2017-09-11 15:45,0,1,Thank you!,,,,9.07329213983838E+017,https://twitter.com/hlgreig/status/907329213983838209
GRU4U,2017-09-11 15:42,0,1,@GRU4U any idea when the SW side of Gainesville will have power?,,@GRU4U,,9.07328518337507E+017,https://twitter.com/jermaine_ford/status/907328518337507331
GRU4U,2017-09-11 15:36,0,0,Ok thank you!,,,,9.07326933553353E+017,https://twitter.com/JuliaMorrisroe/status/907326933553352704
GRU4U,2017-09-11 15:33,0,2,Powers back! Thank you @GRU4U . Time for some @DestinyTheGame 2!,,@GRU4U @DestinyTheGame,,9.07326170554913E+017,https://twitter.com/Krowe_Graves/status/907326170554912768
GRU4U,2017-09-11 15:27,0,0,@GRU4U can we return to normal water usage?,,@GRU4U,,9.07324812950942E+017,https://twitter.com/hlgreig/status/907324812950941696
GRU4U,2017-09-11 15:12,0,0,Okay (:,,,,9.07320991583539E+017,https://twitter.com/VanarisIV/status/907320991583539201
GRU4U,2017-09-11 15:08,0,0,"@GRU4U how's NW 98th Street, estimate in the restore????",,@GRU4U,,9.07319853119402E+017,https://twitter.com/VanarisIV/status/907319853119401984
GRU4U,2017-09-11 15:07,0,1,Ayyy power's back! Thanks @GRU4U,,@GRU4U,,9.07319789735084E+017,https://twitter.com/HawkeScream/status/907319789735084033
GRU4U,2017-09-11 14:53,0,0,How do you find out when?,,,,9.07316223737778E+017,https://twitter.com/JuliaMorrisroe/status/907316223737778176
GRU4U,2017-09-11 14:32,0,1,GRI has been remarkable in terms of response to downed trees and lines. Thank you,,,,9.07310783968813E+017,https://twitter.com/imageriver/status/907310783968813057
GRU4U,2017-09-11 14:17,0,3,"Power's off again. Generator's running the fridge and internet. @GRU4U @GRUStormCentral it's been called in, I know y'all are on it!",,@GRU4U @GRUStormCentral,,9.07307018578514E+017,https://twitter.com/TropicalNole/status/907307018578513920
GRU4U,2017-09-11 14:14,0,2,Power is back on and four trucks are working on the downed lines on 53rd...,,,,9.07306467862221E+017,https://twitter.com/gatorgirlmbw/status/907306467862220811
GRU4U,2017-09-11 13:45,0,0,I’m happy @GRU4U is working hard to restore power but they’re regressing now… we just lost power. After the storm is over. Haha.,,@GRU4U,,9.07298984380846E+017,https://twitter.com/drewplaysdrums/status/907298984380846081
GRU4U,2017-09-11 13:32,4,1,"@GRU4U reporting 41,860 customers without power. It may take up to 48 hours to estimate restoration time.",,@GRU4U,,9.07295861406826E+017,https://twitter.com/WUFTNews/status/907295861406826501
GRU4U,2017-09-11 13:32,0,0,@GRU4U Power restored to area but not house line was pulled out & exposed- safety issue concerns. Called GRU other agency To call?,,@GRU4U,,9.07295830285193E+017,https://twitter.com/joanna_neville/status/907295830285193217
GRU4U,2017-09-11 13:28,0,2,Just over an hour. Local utility performing at an elite level . @GRUStormCentral @GRU4U,,@GRUStormCentral @GRU4U,,9.07294698318033E+017,https://twitter.com/TropicalNole/status/907294698318032898
GRU4U,2017-09-11 13:12,0,8,"Just confirmed @GRU4U will not be getting to us today. Although it will be another day of no power, I'm lucky to be without any damages!",,@GRU4U,,9.07290765302387E+017,https://twitter.com/brookeazzaro/status/907290765302386688
GRU4U,2017-09-11 13:05,2,0,Transformer blew off of 98th and 23rd avenue. Power out in lots of neighborhood. Trees down and lots of water on the roads.,,,,9.07289063761346E+017,https://twitter.com/SandhyaACEsq/status/907289063761346560
GRU4U,2017-09-11 12:59,0,1,Found out my house is one of the only few in my area without power & that @GRU4U won't be able to help us for another 48 hrs. Now we wait...,,@GRU4U,,9.07287597885657E+017,https://twitter.com/brookeazzaro/status/907287597885657090
GRU4U,2017-09-11 12:58,0,2,We appreciate you all! Thank you,,,,9.07287247346651E+017,https://twitter.com/gatorgirlmbw/status/907287247346651136
GRU4U,2017-09-11 12:56,0,0,Where are u located ?,,,,9.07286625725682E+017,https://twitter.com/heat3peat361/status/907286625725681665
GRU4U,2017-09-11 12:47,0,2,And just like that two gru trucks rolled in to the neighborhood,,,,9.07284514107544E+017,https://twitter.com/gatorgirlmbw/status/907284514107543552
GRU4U,2017-09-11 12:43,0,0,@GRUStormCentral @GRU4U in sure u r aware but no power since 1am In Northwood oaks...53rd and 34th. B safe,,@GRUStormCentral @GRU4U,,9.07283573585187E+017,https://twitter.com/gatorgirlmbw/status/907283573585186816
GRU4U,2017-09-11 12:42,0,0,@GRU4U I know you are working so hard to restore the power but is there any chance to be like this another night?,,@GRU4U,,9.07283149482332E+017,https://twitter.com/ogandorivas/status/907283149482332160
GRU4U,2017-09-11 11:30,0,1,@GRU4U I see all of the workers out here getting things back up and running.,,@GRU4U,,9.07265052507488E+017,https://twitter.com/VenusFlyNoTrap/status/907265052507488258
GRU4U,2017-09-11 11:24,0,2,"#local #Gainesville residents using @GRU4U , careful w/H2O. @GRUStormCentral is a good follow to keep updated on post storm progress https:// twitter.com/GRUStormCentra l/status/907251805343674368 …",,@GRU4U @GRUStormCentral,#local #Gainesville,9.07263482227241E+017,https://twitter.com/FlaSpringLife/status/907263482227240960
GRU4U,2017-09-11 10:22,0,0,@GRU4U --- Tree down on power lines at NW 8th St & NW 35th Ave,,@GRU4U,,9.07247993144922E+017,https://twitter.com/opticalartist/status/907247993144922112
GRU4U,2017-09-11 09:22,0,1,Just did. Thanks for the great work,,,,9.0723295637221E+017,https://twitter.com/ThrillerMag/status/907232956372209664
GRU4U,2017-09-11 09:13,0,0,@GRU4U Power out since last night in Palmetto Woods (39th AVE and NW 22nd St.) just FYI,,@GRU4U,,9.07230659353219E+017,https://twitter.com/ThrillerMag/status/907230659353219073
GRU4U,2017-09-11 08:27,0,0,@GRU4U no power here at retreat apartment complex,,@GRU4U,,9.07219068360557E+017,https://twitter.com/BoatshoesFUT/status/907219068360556544
GRU4U,2017-09-11 08:21,0,0,Crews are standing down due to unsafe wind speeds. Thanks for your patience.,,,,9.07217439838098E+017,https://twitter.com/GRUStormCentral/status/907217439838097410
GRU4U,2017-09-11 08:18,0,0,Please call 352-334-2871 to report downed lines! Thank you for your help,,,,9.07216832922341E+017,https://twitter.com/GRUStormCentral/status/907216832922341376
GRU4U,2017-09-11 08:15,0,0,ok thanks.,,,,9.0721612753691E+017,https://twitter.com/VenusFlyNoTrap/status/907216127536910336
GRU4U,2017-09-11 08:14,0,0,any idea when power will be restored?,,,,9.07215667572732E+017,https://twitter.com/VenusFlyNoTrap/status/907215667572731904
GRU4U,2017-09-11 08:10,0,0,"RT @GRU4U : ATTN: If Hurricane Irma causes power outages, you will still be able to use your water faucets. Visit http:// gru.com/stormcentral fo…",,@GRU4U,,9.0721467541008E+017,https://twitter.com/CFS1978/status/907214675410079744
GRU4U,2017-09-11 07:40,20,9,About 25% of lift stations down due to loss of power. @GRU4U working to restore. Please try to avoid flushing and using drains if possible.,,@GRU4U,,9.07207094222377E+017,https://twitter.com/PoeforMayor/status/907207094222376960
GRU4U,2017-09-11 07:10,1,4,Power outage incidents from @GRU4U in Gainesville. pic.twitter.com/CeFVGImMGi,,@GRU4U,,9.07199772863464E+017,https://twitter.com/WUFTNews/status/907199772863463424
GRU4U,2017-09-11 06:15,10,11,"38,000 @GRU4U without power, 50,000 county-wide. Crews will be cleared to resume repairs soon.",,@GRU4U,,9.07185834939601E+017,https://twitter.com/PoeforMayor/status/907185834939600896
GRU4U,2017-09-11 03:03,0,0,More than 1/4 of incorporated city. There are more than 1 mill in Gville.,,,,9.07137623197614E+017,https://twitter.com/SeiboldG8r/status/907137623197614081
GRU4U,2017-09-11 02:55,0,0,pic.twitter.com/GpJ3zz7auX,,,,9.07135538754347E+017,https://twitter.com/ginny_jams/status/907135538754347009
GRU4U,2017-09-11 02:31,0,0,"I'm happy to lose power as long as Irma keeps losing power, too.",,,,9.0712952895017E+017,https://twitter.com/DKFoust/status/907129528950169600
GRU4U,2017-09-11 02:31,0,0,3800 SW 34th Street Stoneridge Apts. are out of electrical power.,,,,9.07129360980869E+017,https://twitter.com/MarreroFont/status/907129360980869121
GRU4U,2017-09-11 02:27,26,30,"As of 2:25 a.m., @GRU4U is reporting that over 25,000 customers in Gainesville lost power. This is more than one-quarter of the city. #Irma",,@GRU4U,#Irma,9.07128338212422E+017,https://twitter.com/UFWeather/status/907128338212421633
GRU4U,2017-09-11 02:27,1,0,"As of 2:25 a.m., @GRU4U is reporting that over 25,000 customers in Gainesville lost power. This is more than one-quarter of the city. #Irma",,@GRU4U,#Irma,9.07128337100886E+017,https://twitter.com/Bryan_KnowsBest/status/907128337100886016
GRU4U,2017-09-11 02:23,0,1,"Reports of looting once power is lost are ramped across the state. If you have a firearm, have it ready.",,,,9.07127413825565E+017,https://twitter.com/joe_powanda/status/907127413825564672
GRU4U,2017-09-11 02:22,0,0,"Understandable, stay safe",,,,9.07127260297273E+017,https://twitter.com/GvilleCommRE/status/907127260297273344
GRU4U,2017-09-11 02:17,0,1,There goes the power @GRU4U @GRUStormCentral #Gainesville,,@GRU4U @GRUStormCentral,#Gainesville,9.07126025712267E+017,https://twitter.com/GvilleCommRE/status/907126025712267264
GRU4U,2017-09-10 23:00,0,0,Our crews are working hard to restore power as quickly and safely as possible. We appreciate your patience. #StormSafety,,,#StormSafety,9.07076382957679E+017,https://twitter.com/GRUStormCentral/status/907076382957678595
GRU4U,2017-09-10 22:58,4,6,. @GRU4U has restored power to about 11k customers and have about 3100 without power. Most are around Kinkaid Loop due to a circuit lock out.,,@GRU4U,,9.07075807784383E+017,https://twitter.com/PoeforMayor/status/907075807784382470
GRU4U,2017-09-10 22:05,0,0,Thank you Gritty for assuming that the workers weren't thanked personally while working. You know what happen when you assume.,,,,9.07062569948643E+017,https://twitter.com/kowhed1/status/907062569948643328
GRU4U,2017-09-10 18:12,0,0,good to know,,,,9.07003887051305E+017,https://twitter.com/connesu/status/907003887051304960
GRU4U,2017-09-10 18:06,0,0,The water will be contaminated - beware,,,,9.07002413370036E+017,https://twitter.com/connesu/status/907002413370036226
GRU4U,2017-09-10 17:18,4,3,"For quick references during #HurricaneIrma , please refer to our Storm Central page https://www. gru.com/StormCentral/D uringtheStorm … @GRU4U",,@GRU4U,#HurricaneIrma,9.06990321225097E+017,https://twitter.com/GRUStormCentral/status/906990321225097217
GRU4U,2017-09-10 16:58,0,6,Down to only 400 @GRU4U customers without power. 300 are in the NW between 34th st. and I-75.,,@GRU4U,,9.06985355882254E+017,https://twitter.com/PoeforMayor/status/906985355882254336
GRU4U,2017-09-10 16:16,0,0,Neighbors line is busted 913 Sw 80th Terr . @GRU4U,,@GRU4U,,9.06974730112172E+017,https://twitter.com/kowhed1/status/906974730112172032
GRU4U,2017-09-10 15:54,0,0,@GRU4U power at at SW 107th Dr. already called in. Hoping for quick restore?,,@GRU4U,,9.06969084553818E+017,https://twitter.com/eileen_branham/status/906969084553818113
GRU4U,2017-09-10 15:23,0,3,@GRU4U @GRUStormCentral is doing a great job at restoring power before #HurrcaneIrma gets here #ThankYou,,@GRU4U @GRUStormCentral,#HurrcaneIrma #ThankYou,9.06961418288857E+017,https://twitter.com/Carol_Dumas/status/906961418288857091
GRU4U,2017-09-10 15:13,0,0,@GRU4U We are without power. Address is 1806 NW 22 drive,,@GRU4U,,9.06958882223911E+017,https://twitter.com/Saraemmanuel/status/906958882223910913
GRU4U,2017-09-10 14:47,0,2,Thank you.,,,,9.06952194955629E+017,https://twitter.com/dereckcriner/status/906952194955628545
GRU4U,2017-09-10 14:46,1,0,There are no planned outages.,,,,9.06952134696022E+017,https://twitter.com/GainesvilleGov/status/906952134696022016
GRU4U,2017-09-10 14:44,0,0,@GRU4U Power outage at 804 NW. 34th Ave. 32609,,@GRU4U,,9.06951617379008E+017,https://twitter.com/opticalartist/status/906951617379008512
GRU4U,2017-09-10 14:42,0,0,@GainesvilleGov @GRU4U Any plans to shut down the grid ahead of #Irma 's visit?,,@GainesvilleGov @GRU4U,#Irma,9.06951098770055E+017,https://twitter.com/dereckcriner/status/906951098770055170
GRU4U,2017-09-10 12:51,0,1,SUPER Important #flatirons can turn heat above regular use #coffeepots can ignite #truestories,,,#flatirons #coffeepots #truestories,9.06923136863498E+017,https://twitter.com/EdenfieldPl/status/906923136863498241
GRU4U,2017-09-10 12:14,0,1,What neighborhood are you in?,,,,9.06913897818575E+017,https://twitter.com/fnightingale82/status/906913897818574848
GRU4U,2017-09-10 11:33,2,12,11:30am power is back on! Thanks @GRU4U @GRUStormCentral ! #HurrcaneIrma #hurricaneirma2017 #Irmagerd#IrmaUpdate #GainesvilleHurricaneUpdate,,@GRU4U @GRUStormCentral,#HurrcaneIrma #hurricaneirma2017 #Irmagerd #IrmaUpdate #GainesvilleHurricaneUpdate,9.06903406186516E+017,https://twitter.com/the_derek/status/906903406186516480
GRU4U,2017-09-10 10:49,2,2,@GRUStormCentral @GRU4U Power restored in under 30 minutes! Love you guys! Blessings to all the linemen and other workers!,,@GRUStormCentral @GRU4U,,9.06892430972158E+017,https://twitter.com/SinginFNP/status/906892430972157952
GRU4U,2017-09-10 10:20,0,0,@GRU4U customers in NW Gainesville without power. pic.twitter.com/hq8MmRgtMr,,@GRU4U,,9.0688507084954E+017,https://twitter.com/WUFTNews/status/906885070849540101
GRU4U,2017-09-10 10:00,0,0,"Are you kidding me, we already lost power and storm is hundred miles away?! You guys are the worst utility in the state",,,,9.06880092680356E+017,https://twitter.com/Jersey4lyfe46/status/906880092680355841
GRU4U,2017-09-10 09:59,0,0,Cypress Pointe apartments are already without power. Please advise.,,,,9.06879806398243E+017,https://twitter.com/ChickenMcGina/status/906879806398242816
GRU4U,2017-09-10 09:09,0,2,"Great info, thank you for your hard work!",,,,9.06867276665803E+017,https://twitter.com/DanSmathers2/status/906867276665802753
GRU4U,2017-09-10 08:15,0,0,Learned this the hard way after Frances.,,,,9.06853631894458E+017,https://twitter.com/kajakajakaj/status/906853631894458368
GRU4U,2017-09-09 22:55,0,0,971) 319-7265 text me for house both for rent or sale.,,,,9.06712684200112E+017,https://twitter.com/peggybender477/status/906712684200112128
GRU4U,2017-09-09 21:37,0,0,Trying to keep expectations low.,,,,9.06693094883676E+017,https://twitter.com/TheChomp27/status/906693094883676168
GRU4U,2017-09-09 19:49,0,1,This prediction is based on the info we have currently. Keep following us for more accurate estimates during and after the storm. Stay safe!,,,,9.06665929307837E+017,https://twitter.com/GRUStormCentral/status/906665929307836416
GRU4U,2017-09-09 19:44,0,0,https://www. facebook.com/gru4u/posts/14 16904735025832 … @GRU4U,,@GRU4U,,9.06664688615924E+017,https://twitter.com/GiggleMagazine/status/906664688615923713
GRU4U,2017-09-09 19:16,0,1,Thank you for helping us during this storm,,,,9.06657527294816E+017,https://twitter.com/GRUStormCentral/status/906657527294816258
GRU4U,2017-09-09 19:15,0,2,"Crews are prepared to respond as quickly and safely as possible. To report any outages or downed lines, please call 352-334-2871.",,,,9.06657291268653E+017,https://twitter.com/GRUStormCentral/status/906657291268653056
GRU4U,2017-09-09 18:51,0,0,Scientists that predict these things for a living dont know where it's going or how strong it will be. A utility company should stay in lane,,,,9.06651404223357E+017,https://twitter.com/CheeseOnThat2/status/906651404223356929
GRU4U,2017-09-09 18:41,0,1,I'd think they would have enough data from previous storms and this one so far to give a fairly descent prediction.,,,,9.0664880434203E+017,https://twitter.com/nerik_licea/status/906648804342030340
GRU4U,2017-09-09 18:10,0,6,Why don't you wait for the damage to actually happen before you put things out like that. Just adding to people's hysteria.,,,,9.06640933000761E+017,https://twitter.com/CheeseOnThat2/status/906640933000761350
GRU4U,2017-09-08 20:56,0,0,@GainesvillePD are they collecting pets to bring them elsewhere?,,@GainesvillePD,,9.06320367018488E+017,https://twitter.com/magnetscoil/status/906320367018487808
GRU4U,2017-09-08 13:54,0,0,thanks!!,,,,9.06214110291001E+017,https://twitter.com/thefestfl/status/906214110291001344
GRU4U,2017-09-08 10:34,0,2,Doing my part to recruit #GNV @thefestfl volunteers via the @GRU4U break room bulletin board. #FEST16 http:// thefestfl.com/volunteer pic.twitter.com/ActRIalksm,,@thefestfl @GRU4U,#GNV #FEST16,9.06163840836137E+017,https://twitter.com/patrickhdonges/status/906163840836136960
GRU4U,2017-09-06 13:45,0,0,#NoDACA pic.twitter.com/fnDkhOyeyL,,,#NoDACA,9.0548713443763E+017,https://twitter.com/SirDire/status/905487134437629952
GRU4U,2017-09-01 12:17,1,4,Just met w/ coalition of concerned citizens re: @GRU4U ’s #biomass fiasco & how as county commissioner I will help protect citizens from costs pic.twitter.com/dTmHZBFbPI,,@GRU4U,#biomass,9.03653090821366E+017,https://twitter.com/GregCaudill4AC/status/903653090821365762
